train_r2,test_r2,train_mae,test_mae,train_rmse,test_rmse
0.9886140158393806,0.9232836324056086,80.62004,215.24355000000003,108.52314257290931,282.4228151210521
